{
  "baud": "115200",
  "board_type": "Arduino Uno [1.8.6]",
  "com_port": "COM5",
  "dns": "8.8.8.8",
  "gateway": "192.168.1.1",
  "ip": "192.168.1.195",
  "last_modified": 1728144938.1582334,
  "last_update": 1728142681.5377502,
  "mac": "0xDE, 0xAD, 0xBE, 0xEF, 0xDE, 0xAD",
  "mb_serial": false,
  "mb_tcp": false,
  "pwd": "password",
  "serial_iface": "Serial",
  "slaveid": "1",
  "ssid": "",
  "subnet": "255.255.255.0",
  "tcp_iface": "WiFi",
  "txpin": "-1",
  "user_ain": "A0, A1, A2, A3, A4, A5",
  "user_aout": "9, 10, 11",
  "user_din": "2, 3, 4, 5, 6",
  "user_dout": "7, 8, 12, 13"
}