<?xml version='1.0' encoding='utf-8'?>
<project xmlns="http://www.plcopen.org/xml/tc6_0201" xmlns:xsd="http://www.w3.org/2001/XMLSchema" xmlns:xhtml="http://www.w3.org/1999/xhtml" xmlns:ns1="http://www.plcopen.org/xml/tc6_0201">
  <fileHeader companyName="Desconocido" productName="Sin nombre" productVersion="1" creationDateTime="2024-10-05T10:01:33"/>
  <contentHeader name="Sin nombre" modificationDateTime="2024-10-07T01:41:53">
    <coordinateInfo>
      <fbd>
        <scaling x="10" y="10"/>
      </fbd>
      <ld>
        <scaling x="10" y="10"/>
      </ld>
      <sfc>
        <scaling x="10" y="10"/>
      </sfc>
    </coordinateInfo>
  </contentHeader>
  <types>
    <dataTypes/>
    <pous>
      <pou name="SistemaDeRegado" pouType="program">
        <interface>
          <localVars>
            <variable name="Rio" address="%IW0">
              <type>
                <INT/>
              </type>
            </variable>
            <variable name="Parcela" address="%IW1">
              <type>
                <INT/>
              </type>
            </variable>
          </localVars>
          <localVars>
            <variable name="Compuerta0">
              <type>
                <BOOL/>
              </type>
            </variable>
          </localVars>
          <localVars>
            <variable name="Compuerta1" address="%QX0.0">
              <type>
                <BOOL/>
              </type>
            </variable>
            <variable name="Compuerta2" address="%QX0.1">
              <type>
                <BOOL/>
              </type>
            </variable>
            <variable name="Compuerta3" address="%QX0.2">
              <type>
                <BOOL/>
              </type>
            </variable>
            <variable name="Compuerta4" address="%QX0.3">
              <type>
                <BOOL/>
              </type>
            </variable>
          </localVars>
          <localVars>
            <variable name="NivelBajo">
              <type>
                <BOOL/>
              </type>
            </variable>
            <variable name="Setpoint0">
              <type>
                <INT/>
              </type>
              <initialValue>
                <simpleValue value="0"/>
              </initialValue>
            </variable>
            <variable name="Setpoint100">
              <type>
                <INT/>
              </type>
              <initialValue>
                <simpleValue value="100"/>
              </initialValue>
            </variable>
            <variable name="Setpoint250">
              <type>
                <INT/>
              </type>
              <initialValue>
                <simpleValue value="250"/>
              </initialValue>
            </variable>
            <variable name="Setpoint251">
              <type>
                <INT/>
              </type>
              <initialValue>
                <simpleValue value="251"/>
              </initialValue>
            </variable>
            <variable name="Setpoint500">
              <type>
                <INT/>
              </type>
              <initialValue>
                <simpleValue value="500"/>
              </initialValue>
            </variable>
            <variable name="Setpoint501">
              <type>
                <INT/>
              </type>
              <initialValue>
                <simpleValue value="501"/>
              </initialValue>
            </variable>
            <variable name="Setpoint750">
              <type>
                <INT/>
              </type>
              <initialValue>
                <simpleValue value="750"/>
              </initialValue>
            </variable>
            <variable name="Setpoint751">
              <type>
                <INT/>
              </type>
              <initialValue>
                <simpleValue value="751"/>
              </initialValue>
            </variable>
            <variable name="Setpoint900">
              <type>
                <INT/>
              </type>
              <initialValue>
                <simpleValue value="900"/>
              </initialValue>
            </variable>
            <variable name="Setpoint901">
              <type>
                <INT/>
              </type>
              <initialValue>
                <simpleValue value="901"/>
              </initialValue>
            </variable>
            <variable name="Setpoint1023">
              <type>
                <INT/>
              </type>
              <initialValue>
                <simpleValue value="1023"/>
              </initialValue>
            </variable>
            <variable name="Setpoint">
              <type>
                <INT/>
              </type>
              <initialValue>
                <simpleValue value="600"/>
              </initialValue>
            </variable>
          </localVars>
        </interface>
        <body>
          <LD>
            <rightPowerRail localId="1" width="10" height="790">
              <position x="650" y="120"/>
              <connectionPointIn>
                <relPosition x="0" y="20"/>
                <connection refLocalId="3">
                  <position x="650" y="140"/>
                  <position x="611" y="140"/>
                </connection>
              </connectionPointIn>
              <connectionPointIn>
                <relPosition x="0" y="210"/>
                <connection refLocalId="43">
                  <position x="650" y="330"/>
                  <position x="611" y="330"/>
                </connection>
              </connectionPointIn>
              <connectionPointIn>
                <relPosition x="0" y="400"/>
                <connection refLocalId="44">
                  <position x="650" y="520"/>
                  <position x="621" y="520"/>
                </connection>
              </connectionPointIn>
              <connectionPointIn>
                <relPosition x="0" y="580"/>
                <connection refLocalId="45">
                  <position x="650" y="700"/>
                  <position x="611" y="700"/>
                </connection>
              </connectionPointIn>
              <connectionPointIn>
                <relPosition x="0" y="770"/>
                <connection refLocalId="49">
                  <position x="650" y="890"/>
                  <position x="541" y="890"/>
                </connection>
              </connectionPointIn>
            </rightPowerRail>
            <block localId="2" typeName="AND" width="70" height="80">
              <position x="410" y="110"/>
              <inputVariables>
                <variable formalParameter="IN1">
                  <connectionPointIn>
                    <relPosition x="0" y="30"/>
                    <connection refLocalId="4" formalParameter="OUT">
                      <position x="410" y="140"/>
                      <position x="380" y="140"/>
                      <position x="380" y="100"/>
                      <position x="350" y="100"/>
                    </connection>
                  </connectionPointIn>
                </variable>
                <variable formalParameter="IN2">
                  <connectionPointIn>
                    <relPosition x="0" y="50"/>
                    <connection refLocalId="5" formalParameter="OUT">
                      <position x="410" y="160"/>
                      <position x="350" y="160"/>
                    </connection>
                  </connectionPointIn>
                </variable>
                <variable formalParameter="IN3">
                  <connectionPointIn>
                    <relPosition x="0" y="70"/>
                    <connection refLocalId="6" formalParameter="OUT">
                      <position x="410" y="180"/>
                      <position x="380" y="180"/>
                      <position x="380" y="220"/>
                      <position x="350" y="220"/>
                    </connection>
                  </connectionPointIn>
                </variable>
              </inputVariables>
              <inOutVariables/>
              <outputVariables>
                <variable formalParameter="OUT">
                  <connectionPointOut>
                    <relPosition x="70" y="30"/>
                  </connectionPointOut>
                </variable>
              </outputVariables>
            </block>
            <coil localId="3" negated="false" width="21" height="20">
              <position x="590" y="130"/>
              <connectionPointIn>
                <relPosition x="0" y="10"/>
                <connection refLocalId="2" formalParameter="OUT">
                  <position x="590" y="140"/>
                  <position x="480" y="140"/>
                </connection>
              </connectionPointIn>
              <connectionPointOut>
                <relPosition x="21" y="10"/>
              </connectionPointOut>
              <variable>Compuerta1</variable>
            </coil>
            <block localId="4" typeName="GT" width="70" height="60">
              <position x="280" y="70"/>
              <inputVariables>
                <variable formalParameter="IN1">
                  <connectionPointIn>
                    <relPosition x="0" y="30"/>
                    <connection refLocalId="7">
                      <position x="280" y="100"/>
                      <position x="255" y="100"/>
                      <position x="255" y="80"/>
                      <position x="230" y="80"/>
                    </connection>
                  </connectionPointIn>
                </variable>
                <variable formalParameter="IN2">
                  <connectionPointIn>
                    <relPosition x="0" y="50"/>
                    <connection refLocalId="11">
                      <position x="280" y="120"/>
                      <position x="258" y="120"/>
                    </connection>
                  </connectionPointIn>
                </variable>
              </inputVariables>
              <inOutVariables/>
              <outputVariables>
                <variable formalParameter="OUT">
                  <connectionPointOut>
                    <relPosition x="70" y="30"/>
                  </connectionPointOut>
                </variable>
              </outputVariables>
            </block>
            <block localId="5" typeName="LT" width="70" height="60">
              <position x="280" y="130"/>
              <inputVariables>
                <variable formalParameter="IN1">
                  <connectionPointIn>
                    <relPosition x="0" y="30"/>
                    <connection refLocalId="8">
                      <position x="280" y="160"/>
                      <position x="255" y="160"/>
                      <position x="255" y="140"/>
                      <position x="230" y="140"/>
                    </connection>
                  </connectionPointIn>
                </variable>
                <variable formalParameter="IN2">
                  <connectionPointIn>
                    <relPosition x="0" y="50"/>
                    <connection refLocalId="12">
                      <position x="280" y="180"/>
                      <position x="240" y="180"/>
                    </connection>
                  </connectionPointIn>
                </variable>
              </inputVariables>
              <inOutVariables/>
              <outputVariables>
                <variable formalParameter="OUT">
                  <connectionPointOut>
                    <relPosition x="70" y="30"/>
                  </connectionPointOut>
                </variable>
              </outputVariables>
            </block>
            <block localId="6" typeName="GT" width="70" height="60">
              <position x="280" y="190"/>
              <inputVariables>
                <variable formalParameter="IN1">
                  <connectionPointIn>
                    <relPosition x="0" y="30"/>
                    <connection refLocalId="10">
                      <position x="280" y="220"/>
                      <position x="245" y="220"/>
                      <position x="245" y="200"/>
                      <position x="210" y="200"/>
                    </connection>
                  </connectionPointIn>
                </variable>
                <variable formalParameter="IN2">
                  <connectionPointIn>
                    <relPosition x="0" y="50"/>
                    <connection refLocalId="13">
                      <position x="280" y="240"/>
                      <position x="250" y="240"/>
                    </connection>
                  </connectionPointIn>
                </variable>
              </inputVariables>
              <inOutVariables/>
              <outputVariables>
                <variable formalParameter="OUT">
                  <connectionPointOut>
                    <relPosition x="70" y="30"/>
                  </connectionPointOut>
                </variable>
              </outputVariables>
            </block>
            <inVariable localId="7" width="70" height="30" negated="false">
              <position x="160" y="70"/>
              <connectionPointOut>
                <relPosition x="70" y="10"/>
              </connectionPointOut>
              <expression>Parcela</expression>
            </inVariable>
            <inVariable localId="8" width="70" height="30" negated="false" executionOrderId="0">
              <position x="160" y="130"/>
              <connectionPointOut>
                <relPosition x="70" y="10"/>
              </connectionPointOut>
              <expression>Parcela</expression>
            </inVariable>
            <inVariable localId="10" width="40" height="30" negated="false" executionOrderId="0">
              <position x="170" y="190"/>
              <connectionPointOut>
                <relPosition x="40" y="10"/>
              </connectionPointOut>
              <expression>Rio</expression>
            </inVariable>
            <inVariable localId="11" width="98" height="30" negated="false">
              <position x="160" y="100"/>
              <connectionPointOut>
                <relPosition x="98" y="20"/>
              </connectionPointOut>
              <expression>Setpoint100</expression>
            </inVariable>
            <inVariable localId="12" width="100" height="30" negated="false">
              <position x="140" y="160"/>
              <connectionPointOut>
                <relPosition x="100" y="20"/>
              </connectionPointOut>
              <expression>Setpoint250</expression>
            </inVariable>
            <inVariable localId="13" width="100" height="30" negated="false">
              <position x="150" y="220"/>
              <connectionPointOut>
                <relPosition x="100" y="20"/>
              </connectionPointOut>
              <expression>Setpoint500</expression>
            </inVariable>
            <block localId="9" typeName="AND" width="70" height="80" executionOrderId="0">
              <position x="490" y="300"/>
              <inputVariables>
                <variable formalParameter="IN1">
                  <connectionPointIn>
                    <relPosition x="0" y="30"/>
                    <connection refLocalId="14" formalParameter="OUT">
                      <position x="490" y="330"/>
                      <position x="460" y="330"/>
                      <position x="460" y="290"/>
                      <position x="430" y="290"/>
                    </connection>
                  </connectionPointIn>
                </variable>
                <variable formalParameter="IN2">
                  <connectionPointIn>
                    <relPosition x="0" y="50"/>
                    <connection refLocalId="17" formalParameter="OUT">
                      <position x="490" y="350"/>
                      <position x="430" y="350"/>
                    </connection>
                  </connectionPointIn>
                </variable>
                <variable formalParameter="IN3">
                  <connectionPointIn>
                    <relPosition x="0" y="70"/>
                    <connection refLocalId="20" formalParameter="OUT">
                      <position x="490" y="370"/>
                      <position x="460" y="370"/>
                      <position x="460" y="410"/>
                      <position x="430" y="410"/>
                    </connection>
                  </connectionPointIn>
                </variable>
              </inputVariables>
              <inOutVariables/>
              <outputVariables>
                <variable formalParameter="OUT">
                  <connectionPointOut>
                    <relPosition x="70" y="30"/>
                  </connectionPointOut>
                </variable>
              </outputVariables>
            </block>
            <block localId="14" typeName="GT" width="70" height="60" executionOrderId="0">
              <position x="360" y="260"/>
              <inputVariables>
                <variable formalParameter="IN1">
                  <connectionPointIn>
                    <relPosition x="0" y="30"/>
                    <connection refLocalId="15">
                      <position x="360" y="290"/>
                      <position x="335" y="290"/>
                      <position x="335" y="280"/>
                      <position x="310" y="280"/>
                    </connection>
                  </connectionPointIn>
                </variable>
                <variable formalParameter="IN2">
                  <connectionPointIn>
                    <relPosition x="0" y="50"/>
                    <connection refLocalId="16">
                      <position x="360" y="310"/>
                      <position x="348" y="310"/>
                      <position x="348" y="300"/>
                      <position x="338" y="300"/>
                    </connection>
                  </connectionPointIn>
                </variable>
              </inputVariables>
              <inOutVariables/>
              <outputVariables>
                <variable formalParameter="OUT">
                  <connectionPointOut>
                    <relPosition x="70" y="30"/>
                  </connectionPointOut>
                </variable>
              </outputVariables>
            </block>
            <inVariable localId="15" width="70" height="30" negated="false" executionOrderId="0">
              <position x="240" y="260"/>
              <connectionPointOut>
                <relPosition x="70" y="20"/>
              </connectionPointOut>
              <expression>Parcela</expression>
            </inVariable>
            <inVariable localId="16" width="100" height="30" negated="false" executionOrderId="0">
              <position x="240" y="290"/>
              <connectionPointOut>
                <relPosition x="100" y="10"/>
              </connectionPointOut>
              <expression>Setpoint251</expression>
            </inVariable>
            <block localId="17" typeName="LT" width="70" height="60" executionOrderId="0">
              <position x="360" y="320"/>
              <inputVariables>
                <variable formalParameter="IN1">
                  <connectionPointIn>
                    <relPosition x="0" y="30"/>
                    <connection refLocalId="18">
                      <position x="360" y="350"/>
                      <position x="335" y="350"/>
                      <position x="335" y="340"/>
                      <position x="310" y="340"/>
                    </connection>
                  </connectionPointIn>
                </variable>
                <variable formalParameter="IN2">
                  <connectionPointIn>
                    <relPosition x="0" y="50"/>
                    <connection refLocalId="19">
                      <position x="360" y="370"/>
                      <position x="340" y="370"/>
                      <position x="340" y="360"/>
                      <position x="320" y="360"/>
                    </connection>
                  </connectionPointIn>
                </variable>
              </inputVariables>
              <inOutVariables/>
              <outputVariables>
                <variable formalParameter="OUT">
                  <connectionPointOut>
                    <relPosition x="70" y="30"/>
                  </connectionPointOut>
                </variable>
              </outputVariables>
            </block>
            <inVariable localId="18" width="70" height="30" negated="false" executionOrderId="0">
              <position x="240" y="320"/>
              <connectionPointOut>
                <relPosition x="70" y="20"/>
              </connectionPointOut>
              <expression>Parcela</expression>
            </inVariable>
            <inVariable localId="19" width="100" height="30" negated="false" executionOrderId="0">
              <position x="220" y="350"/>
              <connectionPointOut>
                <relPosition x="100" y="10"/>
              </connectionPointOut>
              <expression>Setpoint500</expression>
            </inVariable>
            <block localId="20" typeName="GT" width="70" height="60" executionOrderId="0">
              <position x="360" y="380"/>
              <inputVariables>
                <variable formalParameter="IN1">
                  <connectionPointIn>
                    <relPosition x="0" y="30"/>
                    <connection refLocalId="21">
                      <position x="360" y="410"/>
                      <position x="325" y="410"/>
                      <position x="325" y="400"/>
                      <position x="290" y="400"/>
                    </connection>
                  </connectionPointIn>
                </variable>
                <variable formalParameter="IN2">
                  <connectionPointIn>
                    <relPosition x="0" y="50"/>
                    <connection refLocalId="22">
                      <position x="360" y="430"/>
                      <position x="345" y="430"/>
                      <position x="345" y="420"/>
                      <position x="330" y="420"/>
                    </connection>
                  </connectionPointIn>
                </variable>
              </inputVariables>
              <inOutVariables/>
              <outputVariables>
                <variable formalParameter="OUT">
                  <connectionPointOut>
                    <relPosition x="70" y="30"/>
                  </connectionPointOut>
                </variable>
              </outputVariables>
            </block>
            <inVariable localId="21" width="40" height="30" negated="false" executionOrderId="0">
              <position x="250" y="380"/>
              <connectionPointOut>
                <relPosition x="40" y="20"/>
              </connectionPointOut>
              <expression>Rio</expression>
            </inVariable>
            <inVariable localId="22" width="100" height="30" negated="false" executionOrderId="0">
              <position x="230" y="410"/>
              <connectionPointOut>
                <relPosition x="100" y="10"/>
              </connectionPointOut>
              <expression>Setpoint500</expression>
            </inVariable>
            <block localId="23" typeName="AND" width="70" height="80" executionOrderId="0">
              <position x="490" y="490"/>
              <inputVariables>
                <variable formalParameter="IN1">
                  <connectionPointIn>
                    <relPosition x="0" y="30"/>
                    <connection refLocalId="24" formalParameter="OUT">
                      <position x="490" y="520"/>
                      <position x="460" y="520"/>
                      <position x="460" y="480"/>
                      <position x="430" y="480"/>
                    </connection>
                  </connectionPointIn>
                </variable>
                <variable formalParameter="IN2">
                  <connectionPointIn>
                    <relPosition x="0" y="50"/>
                    <connection refLocalId="27" formalParameter="OUT">
                      <position x="490" y="540"/>
                      <position x="430" y="540"/>
                    </connection>
                  </connectionPointIn>
                </variable>
                <variable formalParameter="IN3">
                  <connectionPointIn>
                    <relPosition x="0" y="70"/>
                    <connection refLocalId="30" formalParameter="OUT">
                      <position x="490" y="560"/>
                      <position x="460" y="560"/>
                      <position x="460" y="600"/>
                      <position x="430" y="600"/>
                    </connection>
                  </connectionPointIn>
                </variable>
              </inputVariables>
              <inOutVariables/>
              <outputVariables>
                <variable formalParameter="OUT">
                  <connectionPointOut>
                    <relPosition x="70" y="30"/>
                  </connectionPointOut>
                </variable>
              </outputVariables>
            </block>
            <block localId="24" typeName="GT" width="70" height="60" executionOrderId="0">
              <position x="360" y="450"/>
              <inputVariables>
                <variable formalParameter="IN1">
                  <connectionPointIn>
                    <relPosition x="0" y="30"/>
                    <connection refLocalId="25">
                      <position x="360" y="480"/>
                      <position x="335" y="480"/>
                      <position x="335" y="460"/>
                      <position x="310" y="460"/>
                    </connection>
                  </connectionPointIn>
                </variable>
                <variable formalParameter="IN2">
                  <connectionPointIn>
                    <relPosition x="0" y="50"/>
                    <connection refLocalId="26">
                      <position x="360" y="500"/>
                      <position x="338" y="500"/>
                    </connection>
                  </connectionPointIn>
                </variable>
              </inputVariables>
              <inOutVariables/>
              <outputVariables>
                <variable formalParameter="OUT">
                  <connectionPointOut>
                    <relPosition x="70" y="30"/>
                  </connectionPointOut>
                </variable>
              </outputVariables>
            </block>
            <inVariable localId="25" width="70" height="30" negated="false" executionOrderId="0">
              <position x="240" y="450"/>
              <connectionPointOut>
                <relPosition x="70" y="10"/>
              </connectionPointOut>
              <expression>Parcela</expression>
            </inVariable>
            <inVariable localId="26" width="100" height="30" negated="false" executionOrderId="0">
              <position x="240" y="480"/>
              <connectionPointOut>
                <relPosition x="100" y="20"/>
              </connectionPointOut>
              <expression>Setpoint501</expression>
            </inVariable>
            <block localId="27" typeName="LT" width="70" height="60" executionOrderId="0">
              <position x="360" y="510"/>
              <inputVariables>
                <variable formalParameter="IN1">
                  <connectionPointIn>
                    <relPosition x="0" y="30"/>
                    <connection refLocalId="28">
                      <position x="360" y="540"/>
                      <position x="335" y="540"/>
                      <position x="335" y="520"/>
                      <position x="310" y="520"/>
                    </connection>
                  </connectionPointIn>
                </variable>
                <variable formalParameter="IN2">
                  <connectionPointIn>
                    <relPosition x="0" y="50"/>
                    <connection refLocalId="29">
                      <position x="360" y="560"/>
                      <position x="320" y="560"/>
                    </connection>
                  </connectionPointIn>
                </variable>
              </inputVariables>
              <inOutVariables/>
              <outputVariables>
                <variable formalParameter="OUT">
                  <connectionPointOut>
                    <relPosition x="70" y="30"/>
                  </connectionPointOut>
                </variable>
              </outputVariables>
            </block>
            <inVariable localId="28" width="70" height="30" negated="false" executionOrderId="0">
              <position x="240" y="510"/>
              <connectionPointOut>
                <relPosition x="70" y="10"/>
              </connectionPointOut>
              <expression>Parcela</expression>
            </inVariable>
            <inVariable localId="29" width="100" height="30" negated="false" executionOrderId="0">
              <position x="220" y="540"/>
              <connectionPointOut>
                <relPosition x="100" y="20"/>
              </connectionPointOut>
              <expression>Setpoint750</expression>
            </inVariable>
            <block localId="30" typeName="GT" width="70" height="60" executionOrderId="0">
              <position x="360" y="570"/>
              <inputVariables>
                <variable formalParameter="IN1">
                  <connectionPointIn>
                    <relPosition x="0" y="30"/>
                    <connection refLocalId="31">
                      <position x="360" y="600"/>
                      <position x="325" y="600"/>
                      <position x="325" y="580"/>
                      <position x="290" y="580"/>
                    </connection>
                  </connectionPointIn>
                </variable>
                <variable formalParameter="IN2">
                  <connectionPointIn>
                    <relPosition x="0" y="50"/>
                    <connection refLocalId="32">
                      <position x="360" y="620"/>
                      <position x="330" y="620"/>
                    </connection>
                  </connectionPointIn>
                </variable>
              </inputVariables>
              <inOutVariables/>
              <outputVariables>
                <variable formalParameter="OUT">
                  <connectionPointOut>
                    <relPosition x="70" y="30"/>
                  </connectionPointOut>
                </variable>
              </outputVariables>
            </block>
            <inVariable localId="31" width="40" height="30" negated="false" executionOrderId="0">
              <position x="250" y="570"/>
              <connectionPointOut>
                <relPosition x="40" y="10"/>
              </connectionPointOut>
              <expression>Rio</expression>
            </inVariable>
            <inVariable localId="32" width="100" height="30" negated="false" executionOrderId="0">
              <position x="230" y="600"/>
              <connectionPointOut>
                <relPosition x="100" y="20"/>
              </connectionPointOut>
              <expression>Setpoint500</expression>
            </inVariable>
            <block localId="33" typeName="AND" width="70" height="80" executionOrderId="0">
              <position x="490" y="670"/>
              <inputVariables>
                <variable formalParameter="IN1">
                  <connectionPointIn>
                    <relPosition x="0" y="30"/>
                    <connection refLocalId="34" formalParameter="OUT">
                      <position x="490" y="700"/>
                      <position x="460" y="700"/>
                      <position x="460" y="670"/>
                      <position x="430" y="670"/>
                    </connection>
                  </connectionPointIn>
                </variable>
                <variable formalParameter="IN2">
                  <connectionPointIn>
                    <relPosition x="0" y="50"/>
                    <connection refLocalId="37" formalParameter="OUT">
                      <position x="490" y="720"/>
                      <position x="460" y="720"/>
                      <position x="460" y="730"/>
                      <position x="430" y="730"/>
                    </connection>
                  </connectionPointIn>
                </variable>
                <variable formalParameter="IN3">
                  <connectionPointIn>
                    <relPosition x="0" y="70"/>
                    <connection refLocalId="40" formalParameter="OUT">
                      <position x="490" y="740"/>
                      <position x="460" y="740"/>
                      <position x="460" y="800"/>
                      <position x="430" y="800"/>
                    </connection>
                  </connectionPointIn>
                </variable>
              </inputVariables>
              <inOutVariables/>
              <outputVariables>
                <variable formalParameter="OUT">
                  <connectionPointOut>
                    <relPosition x="70" y="30"/>
                  </connectionPointOut>
                </variable>
              </outputVariables>
            </block>
            <block localId="34" typeName="GT" width="70" height="60" executionOrderId="0">
              <position x="360" y="640"/>
              <inputVariables>
                <variable formalParameter="IN1">
                  <connectionPointIn>
                    <relPosition x="0" y="30"/>
                    <connection refLocalId="35">
                      <position x="360" y="670"/>
                      <position x="300" y="670"/>
                    </connection>
                  </connectionPointIn>
                </variable>
                <variable formalParameter="IN2">
                  <connectionPointIn>
                    <relPosition x="0" y="50"/>
                    <connection refLocalId="36">
                      <position x="360" y="690"/>
                      <position x="330" y="690"/>
                    </connection>
                  </connectionPointIn>
                </variable>
              </inputVariables>
              <inOutVariables/>
              <outputVariables>
                <variable formalParameter="OUT">
                  <connectionPointOut>
                    <relPosition x="70" y="30"/>
                  </connectionPointOut>
                </variable>
              </outputVariables>
            </block>
            <inVariable localId="35" width="70" height="30" negated="false" executionOrderId="0">
              <position x="230" y="650"/>
              <connectionPointOut>
                <relPosition x="70" y="20"/>
              </connectionPointOut>
              <expression>Parcela</expression>
            </inVariable>
            <inVariable localId="36" width="100" height="30" negated="false" executionOrderId="0">
              <position x="230" y="680"/>
              <connectionPointOut>
                <relPosition x="100" y="10"/>
              </connectionPointOut>
              <expression>Setpoint751</expression>
            </inVariable>
            <block localId="37" typeName="LT" width="70" height="60" executionOrderId="0">
              <position x="360" y="700"/>
              <inputVariables>
                <variable formalParameter="IN1">
                  <connectionPointIn>
                    <relPosition x="0" y="30"/>
                    <connection refLocalId="38">
                      <position x="360" y="730"/>
                      <position x="310" y="730"/>
                    </connection>
                  </connectionPointIn>
                </variable>
                <variable formalParameter="IN2">
                  <connectionPointIn>
                    <relPosition x="0" y="50"/>
                    <connection refLocalId="39">
                      <position x="360" y="750"/>
                      <position x="320" y="750"/>
                    </connection>
                  </connectionPointIn>
                </variable>
              </inputVariables>
              <inOutVariables/>
              <outputVariables>
                <variable formalParameter="OUT">
                  <connectionPointOut>
                    <relPosition x="70" y="30"/>
                  </connectionPointOut>
                </variable>
              </outputVariables>
            </block>
            <inVariable localId="38" width="70" height="30" negated="false" executionOrderId="0">
              <position x="240" y="710"/>
              <connectionPointOut>
                <relPosition x="70" y="20"/>
              </connectionPointOut>
              <expression>Parcela</expression>
            </inVariable>
            <inVariable localId="39" width="100" height="30" negated="false" executionOrderId="0">
              <position x="220" y="740"/>
              <connectionPointOut>
                <relPosition x="100" y="10"/>
              </connectionPointOut>
              <expression>Setpoint900</expression>
            </inVariable>
            <block localId="40" typeName="GT" width="70" height="60" executionOrderId="0">
              <position x="360" y="770"/>
              <inputVariables>
                <variable formalParameter="IN1">
                  <connectionPointIn>
                    <relPosition x="0" y="30"/>
                    <connection refLocalId="41">
                      <position x="360" y="800"/>
                      <position x="290" y="800"/>
                    </connection>
                  </connectionPointIn>
                </variable>
                <variable formalParameter="IN2">
                  <connectionPointIn>
                    <relPosition x="0" y="50"/>
                    <connection refLocalId="42">
                      <position x="360" y="820"/>
                      <position x="330" y="820"/>
                    </connection>
                  </connectionPointIn>
                </variable>
              </inputVariables>
              <inOutVariables/>
              <outputVariables>
                <variable formalParameter="OUT">
                  <connectionPointOut>
                    <relPosition x="70" y="30"/>
                  </connectionPointOut>
                </variable>
              </outputVariables>
            </block>
            <inVariable localId="41" width="40" height="30" negated="false" executionOrderId="0">
              <position x="250" y="780"/>
              <connectionPointOut>
                <relPosition x="40" y="20"/>
              </connectionPointOut>
              <expression>Rio</expression>
            </inVariable>
            <inVariable localId="42" width="100" height="30" negated="false" executionOrderId="0">
              <position x="230" y="810"/>
              <connectionPointOut>
                <relPosition x="100" y="10"/>
              </connectionPointOut>
              <expression>Setpoint500</expression>
            </inVariable>
            <coil localId="43" negated="false" width="21" height="20" executionOrderId="0">
              <position x="590" y="320"/>
              <connectionPointIn>
                <relPosition x="0" y="10"/>
                <connection refLocalId="9" formalParameter="OUT">
                  <position x="590" y="330"/>
                  <position x="560" y="330"/>
                </connection>
              </connectionPointIn>
              <connectionPointOut>
                <relPosition x="21" y="10"/>
              </connectionPointOut>
              <variable>Compuerta2</variable>
            </coil>
            <coil localId="44" negated="false" width="21" height="20" executionOrderId="0">
              <position x="600" y="510"/>
              <connectionPointIn>
                <relPosition x="0" y="10"/>
                <connection refLocalId="23" formalParameter="OUT">
                  <position x="600" y="520"/>
                  <position x="560" y="520"/>
                </connection>
              </connectionPointIn>
              <connectionPointOut>
                <relPosition x="21" y="10"/>
              </connectionPointOut>
              <variable>Compuerta3</variable>
            </coil>
            <coil localId="45" negated="false" width="21" height="20" executionOrderId="0">
              <position x="590" y="690"/>
              <connectionPointIn>
                <relPosition x="0" y="10"/>
                <connection refLocalId="33" formalParameter="OUT">
                  <position x="590" y="700"/>
                  <position x="560" y="700"/>
                </connection>
              </connectionPointIn>
              <connectionPointOut>
                <relPosition x="21" y="10"/>
              </connectionPointOut>
              <variable>Compuerta4</variable>
            </coil>
            <block localId="46" typeName="LT" width="70" height="60" executionOrderId="0">
              <position x="360" y="860"/>
              <inputVariables>
                <variable formalParameter="IN1">
                  <connectionPointIn>
                    <relPosition x="0" y="30"/>
                    <connection refLocalId="48">
                      <position x="360" y="890"/>
                      <position x="320" y="890"/>
                      <position x="320" y="870"/>
                      <position x="280" y="870"/>
                    </connection>
                  </connectionPointIn>
                </variable>
                <variable formalParameter="IN2">
                  <connectionPointIn>
                    <relPosition x="0" y="50"/>
                    <connection refLocalId="47">
                      <position x="360" y="910"/>
                      <position x="330" y="910"/>
                    </connection>
                  </connectionPointIn>
                </variable>
              </inputVariables>
              <inOutVariables/>
              <outputVariables>
                <variable formalParameter="OUT">
                  <connectionPointOut>
                    <relPosition x="70" y="30"/>
                  </connectionPointOut>
                </variable>
              </outputVariables>
            </block>
            <inVariable localId="47" width="100" height="30" negated="false">
              <position x="230" y="890"/>
              <connectionPointOut>
                <relPosition x="100" y="20"/>
              </connectionPointOut>
              <expression>Setpoint500</expression>
            </inVariable>
            <inVariable localId="48" width="40" height="30" negated="false" executionOrderId="0">
              <position x="240" y="850"/>
              <connectionPointOut>
                <relPosition x="40" y="20"/>
              </connectionPointOut>
              <expression>Rio</expression>
            </inVariable>
            <coil localId="49" negated="false" width="21" height="20">
              <position x="520" y="880"/>
              <connectionPointIn>
                <relPosition x="0" y="10"/>
                <connection refLocalId="46" formalParameter="OUT">
                  <position x="520" y="890"/>
                  <position x="430" y="890"/>
                </connection>
              </connectionPointIn>
              <connectionPointOut>
                <relPosition x="21" y="10"/>
              </connectionPointOut>
              <variable>NivelBajo</variable>
            </coil>
          </LD>
        </body>
      </pou>
    </pous>
  </types>
  <instances>
    <configurations>
      <configuration name="Config0">
        <resource name="Res0">
          <task name="task0" priority="0" interval="T#20ms">
            <pouInstance name="instance0" typeName="SistemaDeRegado"/>
          </task>
        </resource>
      </configuration>
    </configurations>
  </instances>
</project>
